<?xml version='1.0' encoding='UTF-8'?>
<flow-definition plugin="workflow-job@2.10">
  <actions/>
  <description>{insert-job-description}</description>
  <displayName>{insert-job-display-name}</displayName>
  <keepDependencies>false</keepDependencies>
  <properties>
    <hudson.model.ParametersDefinitionProperty>
      <parameterDefinitions>
        <hudson.model.StringParameterDefinition>
          <name>git_repo</name>
          <description>Git repository from where we&apos;re going to checkout the code (master branch) and build a docker image.
NB! The repository must contain a Dockerfile in the root</description>
          <defaultValue>{insert-git-url}</defaultValue>
        </hudson.model.StringParameterDefinition>
        <hudson.model.StringParameterDefinition>
          <name>docker_repository</name>
          <description>The docker repository</description>
          <defaultValue>{insert-container-repository}</defaultValue>
        </hudson.model.StringParameterDefinition>
        <hudson.model.StringParameterDefinition>
          <name>registry_url</name>
          <description>Container Registry URL</description>
          <defaultValue>{insert-registry}</defaultValue>
        </hudson.model.StringParameterDefinition>
        <hudson.model.StringParameterDefinition>
          <name>service_name</name>
          <description>the deployment service name in Kubernetes</description>
          <defaultValue>testapp</defaultValue>
        </hudson.model.StringParameterDefinition>
        <hudson.model.StringParameterDefinition>
          <name>service_port_number</name>
          <description>the expose port number for service</description>
          <defaultValue>8000</defaultValue>
        </hudson.model.StringParameterDefinition>
        <com.cloudbees.plugins.credentials.CredentialsParameterDefinition plugin="credentials@2.1.12">
          <name>registry_credentials_id</name>
          <description>The credentials id that points to the Container Registry credentials</description>
          <defaultValue>{insert-docker-credentials}</defaultValue>
          <credentialType>com.cloudbees.plugins.credentials.impl.UsernamePasswordCredentialsImpl</credentialType>
          <required>true</required>
        </com.cloudbees.plugins.credentials.CredentialsParameterDefinition>
      </parameterDefinitions>
    </hudson.model.ParametersDefinitionProperty>
    <org.jenkinsci.plugins.workflow.job.properties.PipelineTriggersJobProperty>
      <triggers/>
    </org.jenkinsci.plugins.workflow.job.properties.PipelineTriggersJobProperty>
  </properties>
  <definition class="org.jenkinsci.plugins.workflow.cps.CpsFlowDefinition" plugin="workflow-cps@2.27">
    <script>
    {insert-groovy-script}
    </script>
    <sandbox>true</sandbox>
  </definition>
  <triggers/>
</flow-definition>